samples_per_class,train_accuracy,val_accuracy,train_loss,val_loss,epochs
1,0.3,0.1,1.8845703601837158,2.3045861328125,15
5,0.18,0.1,2.2186717987060547,2.305307313410441,15
10,0.27,0.1,2.140493154525757,2.303542100652059,15
50,0.292,0.1013,1.8946125421524047,2.6842939781188964,15
