fraction,val_accuracy,val_loss,num_train_samples
0.1,0.41836666666666666,1.558254212082757,9000
0.25,0.4814333333333333,1.4031820859273274,22500
0.5,0.5484888888888889,1.2216593776067097,45000
1.0,0.5988444444444444,1.0989244481404623,90000
